<?xml version="1.0" encoding="utf-8"?>
<!DOCTYPE hibernate-configuration PUBLIC
"-//Hibernate/Hibernate Configuration DTD 3.0//EN"
"http://hibernate.sourceforge.net/hibernate-configuration-3.0.dtd">
<hibernate-configuration>
 <session-factory>
     
    <!-- 
    Kreirati bazu 
        create database edunova_hib character set utf8 collate utf8_general_ci;

     --> 
  
    <property name="connection.url">jdbc:mysql://localhost:3306/edunova_hib</property>
    <property name="connection.username">edunova</property>
    <property name="connection.password">edunova</property>
    <property name="connection.driver_class">com.mysql.jdbc.Driver</property>
    <property name="dialect">org.hibernate.dialect.MySQLDialect</property>
    
        <property name="hibernate.connection.CharSet">utf8</property>
        <property name="hibernate.connection.characterEncoding">utf8</property>
        <property name="hibernate.connection.useUnicode">true</property>
  
    <property name="show_sql">false</property>
  
    <property name="format_sql">false</property>
    
    <!-- 
    validate: validate the schema, makes no changes to the database.
    update: update the schema.
    create: creates the schema, destroying previous data.
    create-drop: drop the schema at the end of the session. 
    1. puta create, poslije update
    -->
    <property name="hbm2ddl.auto">update</property>
  
    <!-- JDBC connection pool (use the built-in) -->
    <property name="connection.pool_size">1</property>
    <property name="current_session_context_class">thread</property>
 
    
    
    <!-- moraju se slijedno navesti klase koje su mapirane -->
     <mapping class="edunova.model.Smjer" /> 
     <mapping class="edunova.model.Predavac" /> 
     <mapping class="edunova.model.Polaznik" /> 
     <mapping class="edunova.model.Grupa" /> 
     
   
</session-factory>
</hibernate-configuration>